hcp_id,hcp_name,territory_id,territory_name,hcp_tier,total_net_sales,total_calls,avg_engagement_score,days_since_last_call,segment_label,risk_level,risk_score,prioritization_score,recommended_action
HCP0001,Dr. Aryan Maharaj,T001,Pune Central,Tier 2,8974591.97,53,53.87,4,High Value,Low Risk,15.1,72.5,Maintain engagement
HCP0002,Dr. Gagan Sami,T002,Mumbai Metro,Tier 3,2003237.93,36,54.64,14,Low Engagement,Medium Risk,37.9,49.2,Monitor low engagement
HCP0003,Dr. Viraj Tiwari,T003,Nashik North,Tier 1,7987030.54,47,46.79,20,High Value,High Risk,31.1,76.6,Schedule follow-up call
HCP0004,Dr. Saumya Mall,T004,Nagpur Vidarbha,Tier 2,2696443.45,57,50.11,1,High Value,Medium Risk,26.1,42.6,Maintain engagement
HCP0005,Dr. Harini Mall,T005,Delhi NCR,Tier 1,2276457.35,43,56.3,0,Low Engagement,Low Risk,24.2,35.5,Monitor low engagement
HCP0006,Dr. George Rai,T006,Gurgaon Corporate,Tier 1,3292647.67,34,48.91,20,Low Engagement,Medium Risk,43.3,55.5,Monitor low engagement
HCP0007,Dr. Caleb Sharaf,T007,Bengaluru Urban,Tier 3,3238864.04,30,40.3,7,Low Engagement,Low Risk,50.5,36.9,Monitor low engagement
HCP0008,Dr. Janaki Handa,T008,Hyderabad Central,Tier 2,2963616.34,32,41.12,4,Low Engagement,Low Risk,48.4,30.3,Monitor low engagement
HCP0009,Dr. Fariq Kaul,T009,Chennai Metro,Tier 3,1830582.61,32,54.34,18,Low Engagement,Medium Risk,43.0,49.6,Monitor low engagement
HCP0010,Dr. Janya Gaba,T010,Kolkata East,Tier 3,1231657.14,43,47.16,1,Low Engagement,Low Risk,38.9,14.7,Monitor low engagement
HCP0011,Dr. Ekbal Garg,T011,Ahmedabad Gujarat,Tier 3,4197629.13,36,41.08,0,Low Engagement,Low Risk,40.7,31.9,Monitor low engagement
HCP0012,Dr. Anamika Kanda,T012,Jaipur Rajasthan,Tier 3,3463024.61,42,49.98,12,Low Engagement,Medium Risk,32.6,52.7,Monitor low engagement
HCP0013,Dr. Diya Rattan,T001,Pune Central,Tier 1,9175931.56,45,50.76,18,High Value,Medium Risk,26.5,82.1,Maintain engagement
HCP0014,Dr. Simon Tata,T002,Mumbai Metro,Tier 2,2492199.52,43,57.91,0,Low Engagement,Low Risk,21.5,38.4,Monitor low engagement
HCP0015,Dr. Liam Koshy,T003,Nashik North,Tier 3,2430297.61,36,47.75,6,Low Engagement,Medium Risk,40.7,35.1,Monitor low engagement
HCP0016,Dr. Janaki Kanda,T004,Nagpur Vidarbha,Tier 1,5632146.66,36,50.06,4,Low Engagement,Medium Risk,29.8,53.1,Monitor low engagement
HCP0017,Dr. Champak Choudhary,T005,Delhi NCR,Tier 3,3040696.3,30,57.5,0,Low Engagement,Low Risk,29.0,42.4,Monitor low engagement
HCP0018,Dr. Devansh Rajan,T006,Gurgaon Corporate,Tier 1,7525277.02,29,51.17,13,Low Engagement,Medium Risk,35.0,68.1,Monitor low engagement
HCP0019,Dr. Advay Contractor,T007,Bengaluru Urban,Tier 3,901272.3,38,47.97,0,Low Engagement,Medium Risk,42.0,12.4,Monitor low engagement
HCP0020,Dr. Chaaya Saran,T008,Hyderabad Central,Tier 3,3841864.92,37,51.76,2,Low Engagement,Low Risk,29.4,45.6,Monitor low engagement
HCP0021,Dr. Xiti Gokhale,T009,Chennai Metro,Tier 2,2160306.92,32,53.66,11,Low Engagement,Medium Risk,39.9,46.7,Monitor low engagement
HCP0022,Dr. Michael Prakash,T010,Kolkata East,Tier 1,8381208.23,36,48.19,12,High Value,Medium Risk,33.5,73.4,Maintain engagement
HCP0023,Dr. Ekiya Suresh,T011,Ahmedabad Gujarat,Tier 3,3143998.0,35,52.66,13,Low Engagement,Medium Risk,36.2,55.8,Monitor low engagement
HCP0024,Dr. Wriddhish Bhardwaj,T012,Jaipur Rajasthan,Tier 2,1664632.53,31,46.48,3,Low Engagement,Low Risk,47.2,21.4,Monitor low engagement
HCP0025,Dr. Ekapad Walia,T001,Pune Central,Tier 3,1383966.94,42,47.67,15,Low Engagement,Medium Risk,43.7,33.9,Monitor low engagement
HCP0026,Dr. Noah Lanka,T002,Mumbai Metro,Tier 2,5515152.5,42,47.64,32,Growth Potential,Medium Risk,38.8,72.4,Maintain engagement
HCP0027,Dr. Devika Rastogi,T003,Nashik North,Tier 1,4192074.88,40,45.52,17,Low Engagement,Medium Risk,38.7,54.6,Monitor low engagement
HCP0028,Dr. Jai Kota,T004,Nagpur Vidarbha,Tier 1,7061018.63,44,46.7,4,High Value,Low Risk,27.1,59.5,Maintain engagement
HCP0029,Dr. Victor Kannan,T005,Delhi NCR,Tier 1,8311843.32,37,58.86,17,High Value,Medium Risk,22.5,89.3,Maintain engagement
HCP0030,Dr. Veer Bir,T006,Gurgaon Corporate,Tier 1,9429019.52,33,52.39,40,Growth Potential,Low Risk,41.1,86.1,Review growth opportunity
HCP0031,Dr. Arya Sunder,T007,Bengaluru Urban,Tier 3,3486525.36,36,50.69,17,Low Engagement,Medium Risk,38.1,57.7,Monitor low engagement
HCP0032,Dr. Xavier Solanki,T008,Hyderabad Central,Tier 3,1090582.21,33,51.06,6,Low Engagement,Low Risk,44.2,28.8,Monitor low engagement
HCP0033,Dr. Raagini Pandya,T009,Chennai Metro,Tier 2,4766722.18,34,48.94,22,Low Engagement,Medium Risk,40.6,64.5,Monitor low engagement
HCP0034,Dr. Guneet Bhat,T010,Kolkata East,Tier 3,3179954.79,26,56.27,5,Low Engagement,Low Risk,33.4,51.3,Monitor low engagement
HCP0035,Dr. Rehaan Gupta,T011,Ahmedabad Gujarat,Tier 3,2422475.94,29,45.48,8,Low Engagement,Low Risk,48.3,34.7,Monitor low engagement
HCP0036,Dr. Arya Shere,T012,Jaipur Rajasthan,Tier 2,1610905.03,39,59.36,5,Low Engagement,Low Risk,28.1,39.2,Monitor low engagement
HCP0037,Dr. Chandresh Zachariah,T001,Pune Central,Tier 1,4546684.54,39,47.72,21,Low Engagement,Medium Risk,37.8,61.7,Monitor low engagement
HCP0038,Dr. Niharika Sunder,T002,Mumbai Metro,Tier 3,1369703.51,43,54.98,0,Low Engagement,Low Risk,29.3,25.9,Monitor low engagement
HCP0039,Dr. Nitesh Raghavan,T003,Nashik North,Tier 3,4525493.35,47,51.96,8,High Value,Low Risk,23.7,68.6,Maintain engagement
HCP0040,Dr. Bhavika Sampath,T004,Nagpur Vidarbha,Tier 3,2367348.87,41,60.95,36,Growth Potential,Low Risk,33.4,69.7,Review growth opportunity
HCP0041,Dr. Teerth Bhardwaj,T005,Delhi NCR,Tier 1,7489345.91,32,50.34,2,High Value,Low Risk,30.4,62.8,Maintain engagement
HCP0042,Dr. Vansha Thakkar,T006,Gurgaon Corporate,Tier 1,2311318.43,37,44.46,0,Low Engagement,Low Risk,41.9,19.8,Monitor low engagement
HCP0043,Dr. Quincy Biswas,T007,Bengaluru Urban,Tier 3,1018092.68,35,52.06,12,Low Engagement,Medium Risk,44.0,36.6,Monitor low engagement
HCP0044,Dr. Yatin Baral,T008,Hyderabad Central,Tier 2,3871246.18,34,58.44,2,Low Engagement,Low Risk,24.0,52.5,Monitor low engagement
HCP0045,Dr. Advika Jayaraman,T009,Chennai Metro,Tier 3,3024949.29,35,54.06,84,Growth Potential,Low Risk,61.6,72.9,Review growth opportunity
HCP0046,Dr. Karan Mital,T010,Kolkata East,Tier 2,3105584.55,42,52.62,8,Low Engagement,Low Risk,29.2,50.5,Monitor low engagement
HCP0047,Dr. Tara Chaudhry,T011,Ahmedabad Gujarat,Tier 3,1086739.79,36,52.33,10,Low Engagement,Medium Risk,42.1,35.3,Monitor low engagement
HCP0048,Dr. Kevin Palla,T012,Jaipur Rajasthan,Tier 3,3707040.74,42,49.74,36,Growth Potential,Medium Risk,40.9,69.5,Maintain engagement
HCP0049,Dr. Nakul Sarma,T001,Pune Central,Tier 2,3589183.4,37,58.89,3,Low Engagement,Low Risk,22.5,52.4,Monitor low engagement
HCP0050,Dr. Hemang Desai,T002,Mumbai Metro,Tier 3,2244307.15,45,51.44,0,Low Engagement,Low Risk,29.0,29.3,Monitor low engagement
HCP0051,Dr. Anita Manda,T003,Nashik North,Tier 3,2274976.65,71,49.83,11,High Value,Medium Risk,31.3,52.3,Maintain engagement
HCP0052,Dr. Yashasvi Suresh,T004,Nagpur Vidarbha,Tier 1,5612496.94,48,49.73,0,High Value,Medium Risk,21.4,55.5,Maintain engagement
HCP0053,Dr. Aradhana Basu,T005,Delhi NCR,Tier 3,3551118.1,35,49.91,5,Low Engagement,Medium Risk,35.1,45.3,Monitor low engagement
HCP0054,Dr. Neel Sathe,T006,Gurgaon Corporate,Tier 3,2103027.87,30,46.8,55,Growth Potential,High Risk,65.3,53.1,Schedule follow-up call
HCP0055,Dr. Manthan Banik,T007,Bengaluru Urban,Tier 3,1832549.9,34,54.88,1,Low Engagement,Low Risk,34.9,31.4,Monitor low engagement
HCP0056,Dr. Benjamin Morar,T008,Hyderabad Central,Tier 3,2176503.44,36,61.22,3,Low Engagement,Low Risk,25.6,41.3,Monitor low engagement
HCP0057,Dr. Zaid Chauhan,T009,Chennai Metro,Tier 2,2873951.46,35,46.46,5,Low Engagement,Low Risk,41.2,35.1,Monitor low engagement
HCP0058,Dr. Nicholas Goel,T010,Kolkata East,Tier 3,1319156.14,46,48.52,3,Low Engagement,Medium Risk,36.5,21.1,Monitor low engagement
HCP0059,Dr. Nisha Kothari,T011,Ahmedabad Gujarat,Tier 3,1860655.26,33,59.94,1,Low Engagement,Low Risk,29.7,34.5,Monitor low engagement
HCP0060,Dr. Balvan Singhal,T012,Jaipur Rajasthan,Tier 3,2203888.58,38,46.11,19,Low Engagement,Medium Risk,46.8,42.2,Monitor low engagement
HCP0061,Dr. Dalaja Kari,T001,Pune Central,Tier 1,7339464.38,50,55.18,4,High Value,Low Risk,15.1,72.8,Maintain engagement
HCP0062,Dr. Mohini Narasimhan,T002,Mumbai Metro,Tier 1,8197105.57,50,46.9,9,High Value,Medium Risk,25.8,68.4,Monitor low engagement
HCP0063,Dr. Yashodhara Ratta,T003,Nashik North,Tier 3,2404762.43,64,57.28,5,High Value,Low Risk,20.1,55.8,Maintain engagement
HCP0064,Dr. Advika Gokhale,T004,Nagpur Vidarbha,Tier 1,6609637.29,47,57.47,19,High Value,Medium Risk,19.5,88.1,Schedule follow-up call
HCP0065,Dr. Hemani Murthy,T005,Delhi NCR,Tier 3,1378730.28,35,53.2,19,Low Engagement,Medium Risk,44.3,45.3,Monitor low engagement
HCP0066,Dr. Ranveer Kumar,T006,Gurgaon Corporate,Tier 3,2131574.19,38,47.47,50,Growth Potential,Medium Risk,57.3,53.7,Maintain engagement
HCP0067,Dr. Januja Sankar,T007,Bengaluru Urban,Tier 3,1999458.06,40,50.0,25,Low Engagement,Medium Risk,43.9,48.2,Monitor low engagement
HCP0068,Dr. Jeet Mital,T008,Hyderabad Central,Tier 1,2472548.06,44,45.18,4,Low Engagement,Low Risk,36.9,29.0,Monitor low engagement
HCP0069,Dr. Chakrika Datta,T009,Chennai Metro,Tier 2,2231919.04,30,43.8,10,Low Engagement,Medium Risk,51.1,33.4,Monitor low engagement
HCP0070,Dr. Owen Mitra,T010,Kolkata East,Tier 1,7748665.48,28,48.0,2,Low Engagement,Medium Risk,34.8,49.2,Monitor low engagement
HCP0071,Dr. Shivansh Sani,T011,Ahmedabad Gujarat,Tier 3,2623543.97,42,48.43,3,Low Engagement,Medium Risk,33.7,32.6,Monitor low engagement
HCP0072,Dr. Tanay Vaidya,T012,Jaipur Rajasthan,Tier 2,2346398.25,37,45.81,2,Low Engagement,Low Risk,41.1,25.0,Monitor low engagement
HCP0073,Dr. Yutika Nayak,T001,Pune Central,Tier 2,8070277.85,50,51.1,9,High Value,Medium Risk,21.1,74.9,Maintain engagement
HCP0074,Dr. Umang Issac,T002,Mumbai Metro,Tier 3,4762325.88,45,47.98,4,High Value,Medium Risk,27.4,56.4,Maintain engagement
HCP0075,Dr. Vaishnavi Bora,T003,Nashik North,Tier 3,7465628.59,52,44.12,27,High Value,High Risk,35.5,75.6,Schedule follow-up call
HCP0076,Dr. Warda Ratta,T004,Nagpur Vidarbha,Tier 3,3550009.99,53,53.64,0,High Value,Low Risk,19.4,52.4,Maintain engagement
HCP0077,Dr. Hredhaan Sandal,T005,Delhi NCR,Tier 2,1667003.26,36,47.5,16,Low Engagement,Medium Risk,47.9,36.5,Monitor low engagement
HCP0078,Dr. Chandresh Krish,T006,Gurgaon Corporate,Tier 2,1604912.71,30,53.5,18,Low Engagement,Medium Risk,45.7,46.5,Monitor low engagement
HCP0079,Dr. Edhitha Savant,T007,Bengaluru Urban,Tier 2,1295264.0,25,44.8,3,Low Engagement,Low Risk,52.6,16.3,Monitor low engagement
HCP0080,Dr. Vaishnavi Sengupta,T008,Hyderabad Central,Tier 3,1596788.21,39,40.92,13,Low Engagement,Medium Risk,52.0,28.9,Monitor low engagement
HCP0081,Dr. William Maharaj,T009,Chennai Metro,Tier 2,3421808.63,30,39.9,36,Growth Potential,High Risk,61.3,58.1,Schedule follow-up call
HCP0082,Dr. Anita Nayak,T010,Kolkata East,Tier 2,7096344.44,48,48.15,15,High Value,Medium Risk,27.9,74.1,Maintain engagement
HCP0083,Dr. Matthew Kashyap,T011,Ahmedabad Gujarat,Tier 2,1568666.97,33,51.45,4,Low Engagement,Low Risk,41.5,29.6,Monitor low engagement
HCP0084,Dr. Oeshi Reddy,T012,Jaipur Rajasthan,Tier 3,1133787.06,38,48.08,26,Low Engagement,Medium Risk,51.0,38.6,Monitor low engagement
HCP0085,Dr. Samuel Salvi,T001,Pune Central,Tier 2,6416606.29,46,52.26,20,High Value,Low Risk,26.3,83.3,Schedule follow-up call
HCP0086,Dr. Abeer Pandey,T002,Mumbai Metro,Tier 3,1617361.29,53,53.36,13,High Value,Medium Risk,31.4,53.4,Maintain engagement
HCP0087,Dr. Vinaya Kanda,T003,Nashik North,Tier 3,2956106.07,47,53.21,12,High Value,Medium Risk,28.1,63.9,Maintain engagement
HCP0088,Dr. Lopa Nayar,T004,Nagpur Vidarbha,Tier 3,3819352.37,49,49.51,4,High Value,Medium Risk,25.8,54.9,Maintain engagement
HCP0089,Dr. Avi Ramesh,T005,Delhi NCR,Tier 2,1650499.28,27,49.11,6,Low Engagement,Medium Risk,47.3,29.8,Monitor low engagement
HCP0090,Dr. Triya Gopal,T006,Gurgaon Corporate,Tier 3,2733932.47,38,57.39,19,Low Engagement,Medium Risk,32.0,61.4,Monitor low engagement
HCP0091,Dr. Siddharth Sha,T007,Bengaluru Urban,Tier 1,1726543.93,39,58.08,19,Low Engagement,Medium Risk,34.3,52.7,Monitor low engagement
HCP0092,Dr. Oviya Krishnan,T008,Hyderabad Central,Tier 2,1002352.15,31,47.58,0,Low Engagement,Medium Risk,47.0,12.3,Monitor low engagement
HCP0093,Dr. Inaya Kapur,T009,Chennai Metro,Tier 3,1462224.49,39,42.13,8,Low Engagement,Low Risk,49.2,23.5,Monitor low engagement
HCP0094,Dr. Ryan Bahri,T010,Kolkata East,Tier 3,1715422.77,37,52.05,1,Low Engagement,Low Risk,36.2,26.8,Monitor low engagement
HCP0095,Dr. Ishwar Kamdar,T011,Ahmedabad Gujarat,Tier 3,1279624.29,43,51.49,33,Growth Potential,Low Risk,45.8,51.7,Review growth opportunity
HCP0096,Dr. Ishwar Gade,T012,Jaipur Rajasthan,Tier 1,7745491.72,32,46.09,6,High Value,Low Risk,36.5,63.8,Maintain engagement
HCP0097,Dr. Keya Ranganathan,T001,Pune Central,Tier 3,2468818.4,43,54.3,20,Low Engagement,Low Risk,33.1,57.6,Monitor low engagement
HCP0098,Dr. Charvi Dara,T002,Mumbai Metro,Tier 1,5851885.78,47,48.49,62,Growth Potential,Medium Risk,46.1,77.5,Maintain engagement
HCP0099,Dr. Kamala Biswas,T003,Nashik North,Tier 1,7586466.46,42,45.57,5,High Value,Low Risk,29.6,61.3,Maintain engagement
HCP0100,Dr. Hitesh Sant,T004,Nagpur Vidarbha,Tier 3,1267249.46,49,49.02,7,Low Engagement,Medium Risk,36.6,27.4,Monitor low engagement
HCP0101,Dr. Patrick Vig,T005,Delhi NCR,Tier 2,3619672.91,38,51.87,30,Growth Potential,Low Risk,39.4,71.4,Review growth opportunity
HCP0102,Dr. Rajata Loyal,T006,Gurgaon Corporate,Tier 2,3697315.75,34,47.44,16,Low Engagement,Medium Risk,42.2,53.2,Monitor low engagement
HCP0103,Dr. Shravya Kohli,T007,Bengaluru Urban,Tier 1,1932693.26,27,57.22,15,Low Engagement,Medium Risk,40.5,51.1,Monitor low engagement
HCP0104,Dr. Warda Nair,T008,Hyderabad Central,Tier 2,4044406.44,38,51.24,5,Low Engagement,Low Risk,29.8,50.7,Monitor low engagement
HCP0105,Dr. Aarna Oak,T009,Chennai Metro,Tier 3,1775398.82,45,46.71,6,Low Engagement,Low Risk,38.6,27.4,Monitor low engagement
HCP0106,Dr. Frederick Khurana,T010,Kolkata East,Tier 1,6466303.92,41,53.63,5,High Value,Low Risk,21.8,71.4,Maintain engagement
HCP0107,Dr. Vritti Sem,T011,Ahmedabad Gujarat,Tier 3,4019766.81,39,43.62,13,Low Engagement,Medium Risk,40.6,49.4,Monitor low engagement
HCP0108,Dr. Nidhi Kohli,T012,Jaipur Rajasthan,Tier 3,3598222.7,33,49.55,13,Low Engagement,Medium Risk,39.7,54.1,Monitor low engagement
HCP0109,Dr. Pavani Narayanan,T001,Pune Central,Tier 3,3852777.4,43,51.19,20,High Value,Low Risk,32.2,73.4,Schedule follow-up call
HCP0110,Dr. Zayan Kashyap,T002,Mumbai Metro,Tier 1,5511709.26,46,50.63,25,High Value,Low Risk,30.8,80.9,Schedule follow-up call
HCP0111,Dr. Qasim Handa,T003,Nashik North,Tier 2,2871945.89,54,54.65,50,Growth Potential,Low Risk,39.0,71.2,Review growth opportunity
HCP0112,Dr. Harish Hari,T004,Nagpur Vidarbha,Tier 3,3261239.86,46,49.02,4,High Value,Medium Risk,29.3,49.8,Maintain engagement
HCP0113,Dr. Chasmum Atwal,T005,Delhi NCR,Tier 3,1876015.88,43,47.56,11,Low Engagement,Medium Risk,39.9,34.5,Monitor low engagement
HCP0114,Dr. Chatura Master,T006,Gurgaon Corporate,Tier 3,3902068.32,37,49.27,3,Low Engagement,Medium Risk,32.4,43.6,Monitor low engagement
HCP0115,Dr. Bhavani Singh,T007,Bengaluru Urban,Tier 2,5654967.95,40,50.58,10,High Value,Medium Risk,28.1,72.1,Maintain engagement
HCP0116,Dr. Charan Krishnan,T008,Hyderabad Central,Tier 1,5528161.76,29,55.55,31,Growth Potential,Low Risk,38.1,84.6,Review growth opportunity
HCP0117,Dr. Vyanjana Borah,T009,Chennai Metro,Tier 1,5011938.82,35,50.34,18,Low Engagement,Medium Risk,36.4,65.4,Monitor low engagement
HCP0118,Dr. Frederick Kothari,T010,Kolkata East,Tier 2,3871944.8,41,56.85,7,Low Engagement,Low Risk,22.2,59.7,Monitor low engagement
HCP0119,Dr. Lajita Seshadri,T011,Ahmedabad Gujarat,Tier 3,2179361.57,42,56.07,2,Low Engagement,Low Risk,26.4,37.7,Monitor low engagement
HCP0120,Dr. Darpan Chaudhary,T012,Jaipur Rajasthan,Tier 1,3026516.78,39,45.28,14,Low Engagement,Medium Risk,42.1,44.8,Monitor low engagement
HCP0121,Dr. Naksh Khatri,T001,Pune Central,Tier 3,3671078.36,51,50.06,3,High Value,Medium Risk,24.6,53.6,Maintain engagement
HCP0122,Dr. Nilima Seshadri,T002,Mumbai Metro,Tier 2,5484270.85,52,47.46,11,High Value,Medium Risk,27.1,66.9,Maintain engagement
HCP0123,Dr. Bhavya Mandal,T003,Nashik North,Tier 3,5398825.82,49,45.73,11,High Value,Medium Risk,30.1,65.0,Monitor low engagement
HCP0124,Dr. Rudra Sandal,T004,Nagpur Vidarbha,Tier 1,6754523.77,57,47.88,5,High Value,Medium Risk,22.8,62.7,Maintain engagement
HCP0125,Dr. Amaira Dhar,T005,Delhi NCR,Tier 3,2104075.72,36,51.58,9,Low Engagement,Medium Risk,39.1,41.4,Monitor low engagement
HCP0126,Dr. Bhavya Sarna,T006,Gurgaon Corporate,Tier 3,2203167.79,34,51.38,4,Low Engagement,Low Risk,38.4,35.3,Monitor low engagement
HCP0127,Dr. Neha Magar,T007,Bengaluru Urban,Tier 3,2213130.94,43,43.84,13,Low Engagement,Medium Risk,43.4,36.0,Monitor low engagement
HCP0128,Dr. Balveer Sankaran,T008,Hyderabad Central,Tier 3,1485515.39,49,54.47,4,Low Engagement,Low Risk,28.5,33.0,Monitor low engagement
HCP0129,Dr. Veer Bail,T009,Chennai Metro,Tier 3,1227346.02,36,50.03,12,Low Engagement,Medium Risk,45.2,34.0,Monitor low engagement
HCP0130,Dr. Zilmil Sathe,T010,Kolkata East,Tier 3,1642808.78,36,46.47,5,Low Engagement,Low Risk,45.1,24.4,Monitor low engagement
HCP0131,Dr. Gavin Singhal,T011,Ahmedabad Gujarat,Tier 3,916369.41,48,50.5,6,Low Engagement,Low Risk,35.6,27.4,Monitor low engagement
HCP0132,Dr. Henry Dyal,T012,Jaipur Rajasthan,Tier 1,3455101.7,37,47.92,35,Growth Potential,Medium Risk,47.3,64.1,Maintain engagement
HCP0133,Dr. Nandini Bansal,T001,Pune Central,Tier 2,3186603.0,46,49.11,5,High Value,Medium Risk,29.8,51.3,Maintain engagement
HCP0134,Dr. Ekiya D’Alia,T002,Mumbai Metro,Tier 3,3654360.32,42,54.21,10,Low Engagement,Medium Risk,26.4,58.9,Monitor low engagement
HCP0135,Dr. Odika Bhagat,T003,Nashik North,Tier 3,2841780.55,46,46.02,5,High Value,Low Risk,34.6,44.2,Maintain engagement
HCP0136,Dr. Riya Behl,T004,Nagpur Vidarbha,Tier 3,1965684.97,50,42.0,25,High Value,High Risk,48.3,49.4,Schedule follow-up call
HCP0137,Dr. Bhavna Sarma,T005,Delhi NCR,Tier 2,1536114.96,24,44.08,11,Low Engagement,Medium Risk,55.6,28.1,Monitor low engagement
HCP0138,Dr. Nathan Mukhopadhyay,T006,Gurgaon Corporate,Tier 2,3775944.19,28,50.89,5,Low Engagement,Low Risk,37.1,48.8,Monitor low engagement
HCP0139,Dr. Ishaan Shenoy,T007,Bengaluru Urban,Tier 3,2947330.47,28,50.07,13,Low Engagement,Medium Risk,43.7,50.1,Monitor low engagement
HCP0140,Dr. Yashodhara Mahajan,T008,Hyderabad Central,Tier 3,2607291.48,35,44.77,21,Low Engagement,High Risk,49.9,45.7,Schedule follow-up call
HCP0141,Dr. Tanmayi Dhillon,T009,Chennai Metro,Tier 2,2414396.55,35,54.09,13,Low Engagement,Medium Risk,37.0,52.0,Monitor low engagement
HCP0142,Dr. Ekaraj Majumdar,T010,Kolkata East,Tier 3,4198286.97,31,55.19,4,Low Engagement,Low Risk,29.3,55.7,Monitor low engagement
HCP0143,Dr. Aarnav Mandal,T011,Ahmedabad Gujarat,Tier 3,4037107.9,39,52.54,10,Low Engagement,Medium Risk,29.4,59.0,Monitor low engagement
HCP0144,Dr. Veda Pai,T012,Jaipur Rajasthan,Tier 3,2053091.42,37,44.43,5,Low Engagement,Low Risk,45.1,25.6,Monitor low engagement
HCP0145,Dr. Ranbir Khare,T001,Pune Central,Tier 3,4878728.85,57,48.63,7,High Value,Medium Risk,24.5,62.6,Maintain engagement
HCP0146,Dr. Eesha Solanki,T002,Mumbai Metro,Tier 3,2582538.79,43,51.56,5,Low Engagement,Low Risk,30.2,41.2,Monitor low engagement
HCP0147,Dr. Balhaar Date,T003,Nashik North,Tier 3,1859826.65,38,54.87,9,Low Engagement,Medium Risk,34.6,43.5,Monitor low engagement
HCP0148,Dr. Tanmayi Aurora,T004,Nagpur Vidarbha,Tier 2,5220090.18,42,49.74,5,High Value,Medium Risk,26.5,63.1,Maintain engagement
HCP0149,Dr. Upasna Lanka,T005,Delhi NCR,Tier 3,3354472.31,35,40.77,13,Low Engagement,Medium Risk,49.0,43.9,Monitor low engagement
HCP0150,Dr. Lajita Nadig,T006,Gurgaon Corporate,Tier 3,2468420.59,44,50.14,8,Low Engagement,Medium Risk,32.9,41.9,Monitor low engagement
HCP0151,Dr. Bhavna Karan,T007,Bengaluru Urban,Tier 1,3781841.73,36,44.69,24,Low Engagement,High Risk,46.6,55.6,Schedule follow-up call
HCP0152,Dr. Sachi Ganesan,T008,Hyderabad Central,Tier 3,2844633.64,38,49.13,8,Low Engagement,Medium Risk,37.0,42.4,Monitor low engagement
HCP0153,Dr. Daksh Memon,T009,Chennai Metro,Tier 1,2749761.95,43,49.07,8,Low Engagement,Medium Risk,33.6,41.9,Monitor low engagement
HCP0154,Dr. Yash Wali,T010,Kolkata East,Tier 3,3616612.2,34,45.24,0,Low Engagement,Low Risk,38.9,30.9,Monitor low engagement
HCP0155,Dr. Farhan Raja,T011,Ahmedabad Gujarat,Tier 1,2441848.92,33,48.42,17,Low Engagement,Medium Risk,46.2,45.8,Monitor low engagement
HCP0156,Dr. Triya Kumar,T012,Jaipur Rajasthan,Tier 3,1672374.57,42,47.17,10,Low Engagement,Medium Risk,41.3,31.7,Monitor low engagement
HCP0157,Dr. Bhavna Dugar,T001,Pune Central,Tier 1,5975855.94,51,41.82,10,High Value,Medium Risk,32.8,62.5,Monitor low engagement
HCP0158,Dr. Panini Krishna,T002,Mumbai Metro,Tier 1,3353758.24,51,50.71,10,High Value,Medium Risk,27.5,61.6,Maintain engagement
HCP0159,Dr. Vasudha Chhabra,T003,Nashik North,Tier 1,5714770.95,37,50.22,5,High Value,Medium Risk,29.1,65.6,Maintain engagement
HCP0160,Dr. Chakrika Merchant,T004,Nagpur Vidarbha,Tier 1,4703560.28,51,49.24,6,High Value,Medium Risk,24.5,62.1,Maintain engagement
HCP0161,Dr. Chandran Taneja,T005,Delhi NCR,Tier 3,1200831.92,30,41.93,45,Growth Potential,High Risk,70.2,41.1,Schedule follow-up call
HCP0162,Dr. Ranveer Krishna,T006,Gurgaon Corporate,Tier 3,3310266.56,43,44.86,43,Growth Potential,High Risk,49.7,60.5,Schedule follow-up call
HCP0163,Dr. Ridhi Bandi,T007,Bengaluru Urban,Tier 3,2359323.83,33,51.82,28,Growth Potential,Low Risk,46.8,61.0,Review growth opportunity
HCP0164,Dr. Eta Sagar,T008,Hyderabad Central,Tier 2,7152628.57,39,62.64,26,High Value,Low Risk,20.5,93.1,Schedule follow-up call
HCP0165,Dr. Yachana Mahajan,T009,Chennai Metro,Tier 3,1305330.42,40,53.0,31,Growth Potential,Low Risk,45.3,53.5,Review growth opportunity
HCP0166,Dr. Hamsini Contractor,T010,Kolkata East,Tier 3,1806443.76,46,51.61,13,Low Engagement,Medium Risk,35.1,42.7,Monitor low engagement
HCP0167,Dr. Mekhala Pau,T011,Ahmedabad Gujarat,Tier 3,1908207.22,34,43.32,52,Growth Potential,High Risk,66.7,48.2,Schedule follow-up call
HCP0168,Dr. Jatin Sha,T012,Jaipur Rajasthan,Tier 2,2645179.33,42,54.02,2,Low Engagement,Low Risk,26.9,39.7,Monitor low engagement
HCP0169,Dr. Hritik Kaur,T001,Pune Central,Tier 3,1770570.25,49,44.86,10,High Value,Medium Risk,40.6,39.8,Monitor low engagement
HCP0170,Dr. Dev Shetty,T002,Mumbai Metro,Tier 1,9848516.54,47,51.32,22,High Value,Low Risk,26.3,85.8,Schedule follow-up call
HCP0171,Dr. Chakradev Barad,T003,Nashik North,Tier 3,1733186.5,49,49.22,35,Growth Potential,Medium Risk,45.1,51.9,Maintain engagement
HCP0172,Dr. Wahab Yogi,T004,Nagpur Vidarbha,Tier 3,3350675.2,34,50.41,46,Growth Potential,Low Risk,51.2,68.8,Review growth opportunity
HCP0173,Dr. Oni Dubey,T005,Delhi NCR,Tier 2,3503658.49,39,51.41,9,Low Engagement,Medium Risk,31.7,52.8,Monitor low engagement
HCP0174,Dr. Ati Bali,T006,Gurgaon Corporate,Tier 2,6331018.65,34,46.5,17,Low Engagement,Medium Risk,39.9,61.8,Monitor low engagement
HCP0175,Dr. Warinder Patil,T007,Bengaluru Urban,Tier 3,958328.19,35,50.0,1,Low Engagement,Medium Risk,42.4,17.9,Monitor low engagement
HCP0176,Dr. Darsh Rao,T008,Hyderabad Central,Tier 3,1486641.22,30,42.53,3,Low Engagement,Low Risk,52.8,16.6,Monitor low engagement
HCP0177,Dr. Gavin Kala,T009,Chennai Metro,Tier 1,3511821.89,30,60.4,10,Low Engagement,Medium Risk,28.0,61.5,Monitor low engagement
HCP0178,Dr. Jeremiah Jha,T010,Kolkata East,Tier 2,1928637.72,31,51.16,2,Low Engagement,Low Risk,40.7,28.7,Monitor low engagement
HCP0179,Dr. Viraj Narasimhan,T011,Ahmedabad Gujarat,Tier 2,3863957.95,29,52.24,8,Low Engagement,Low Risk,36.0,55.6,Monitor low engagement
HCP0180,Dr. Kalpit Zachariah,T012,Jaipur Rajasthan,Tier 2,2535324.52,34,54.82,7,Low Engagement,Low Risk,34.3,47.8,Monitor low engagement
HCP0181,Dr. Karan Aurora,T001,Pune Central,Tier 2,4853647.2,57,49.12,0,High Value,Medium Risk,21.4,51.7,Maintain engagement
HCP0182,Dr. Owen Lanka,T002,Mumbai Metro,Tier 3,3931356.0,47,50.09,29,High Value,Medium Risk,34.9,75.0,Schedule follow-up call
HCP0183,Dr. Ishaan Bhatt,T003,Nashik North,Tier 3,4352313.99,46,49.11,3,High Value,Medium Risk,25.7,55.8,Maintain engagement
HCP0184,Dr. Siya Thakur,T004,Nagpur Vidarbha,Tier 3,2443021.11,46,51.07,5,Low Engagement,Low Risk,30.0,39.0,Monitor low engagement
HCP0185,Dr. Tara Balasubramanian,T005,Delhi NCR,Tier 2,4881978.49,44,44.48,13,High Value,Medium Risk,34.8,63.8,Monitor low engagement
HCP0186,Dr. Hritik Swaminathan,T006,Gurgaon Corporate,Tier 1,1962838.69,30,51.87,39,Growth Potential,Low Risk,54.1,58.8,Review growth opportunity
HCP0187,Dr. Manbir Bhatti,T007,Bengaluru Urban,Tier 3,831238.47,44,53.52,23,Low Engagement,Low Risk,40.3,44.6,Monitor low engagement
HCP0188,Dr. Lakshmi Wali,T008,Hyderabad Central,Tier 3,2357478.82,39,53.64,0,Low Engagement,Low Risk,29.7,33.2,Monitor low engagement
HCP0189,Dr. Hardik Contractor,T009,Chennai Metro,Tier 3,2074528.94,42,47.36,2,Low Engagement,Low Risk,36.9,23.6,Monitor low engagement
HCP0190,Dr. Odika Nori,T010,Kolkata East,Tier 3,3049791.8,33,49.76,5,Low Engagement,Medium Risk,38.2,41.6,Monitor low engagement
HCP0191,Dr. Dhriti Sane,T011,Ahmedabad Gujarat,Tier 2,4125681.92,37,48.81,2,Low Engagement,Medium Risk,32.0,42.1,Monitor low engagement
HCP0192,Dr. Urvi Bhavsar,T012,Jaipur Rajasthan,Tier 1,3849035.14,39,51.69,37,Growth Potential,Low Risk,40.8,73.8,Review growth opportunity
HCP0193,Dr. Gopal Pradhan,T001,Pune Central,Tier 3,3993873.92,45,44.4,2,High Value,Low Risk,32.1,45.9,Maintain engagement
HCP0194,Dr. Jason Roy,T002,Mumbai Metro,Tier 1,5753306.14,52,54.1,5,High Value,Low Risk,16.9,71.3,Maintain engagement
HCP0195,Dr. Devika Pandey,T003,Nashik North,Tier 2,2416564.84,49,48.47,18,High Value,Medium Risk,36.8,56.6,Maintain engagement
HCP0196,Dr. Vasatika Kapur,T004,Nagpur Vidarbha,Tier 3,1799364.44,59,51.41,2,High Value,Low Risk,28.3,38.3,Maintain engagement
HCP0197,Dr. Ishwar Mallick,T005,Delhi NCR,Tier 2,2187754.54,40,48.02,10,Low Engagement,Medium Risk,39.7,37.4,Monitor low engagement
HCP0198,Dr. Ayush Gole,T006,Gurgaon Corporate,Tier 2,4873617.19,34,50.38,18,Low Engagement,Medium Risk,37.4,64.9,Monitor low engagement
HCP0199,Dr. Abeer Golla,T007,Bengaluru Urban,Tier 1,5518419.5,39,52.74,30,Growth Potential,Low Risk,34.3,80.3,Review growth opportunity
HCP0200,Dr. Azaan Chand,T008,Hyderabad Central,Tier 3,2897822.63,31,44.97,7,Low Engagement,Low Risk,45.9,36.4,Monitor low engagement
HCP0201,Dr. Sudiksha Om,T009,Chennai Metro,Tier 2,1400495.46,34,44.47,23,Low Engagement,High Risk,56.3,35.5,Schedule follow-up call
HCP0202,Dr. Frado Ben,T010,Kolkata East,Tier 2,2565213.98,36,47.89,1,Low Engagement,Medium Risk,38.3,27.8,Monitor low engagement
HCP0203,Dr. Finn Magar,T011,Ahmedabad Gujarat,Tier 2,4957242.0,41,54.61,8,High Value,Low Risk,23.3,73.1,Maintain engagement
HCP0204,Dr. Oeshi Mahajan,T012,Jaipur Rajasthan,Tier 3,1391889.49,34,60.56,30,Growth Potential,Low Risk,40.8,59.6,Review growth opportunity
HCP0205,Dr. Qushi Choudhry,T001,Pune Central,Tier 1,6820741.14,54,60.22,2,High Value,Low Risk,7.9,71.2,Maintain engagement
HCP0206,Dr. Chakradev Kannan,T002,Mumbai Metro,Tier 3,1652688.99,60,48.05,0,High Value,Medium Risk,31.8,28.0,Maintain engagement
HCP0207,Dr. Charvi Kakar,T003,Nashik North,Tier 3,2102959.49,41,48.68,46,Growth Potential,Medium Risk,52.4,55.0,Maintain engagement
HCP0208,Dr. Jagdish Amble,T004,Nagpur Vidarbha,Tier 1,7425165.07,50,46.06,5,High Value,Low Risk,25.7,61.4,Maintain engagement
HCP0209,Dr. Lajita Walia,T005,Delhi NCR,Tier 1,4937044.74,38,49.39,22,Low Engagement,Medium Risk,36.7,65.8,Monitor low engagement
HCP0210,Dr. Mekhala Basak,T006,Gurgaon Corporate,Tier 3,2908550.56,29,51.45,53,Growth Potential,Low Risk,56.8,67.8,Review growth opportunity
HCP0211,Dr. Dhriti Sanghvi,T007,Bengaluru Urban,Tier 2,2554946.38,37,58.27,8,Low Engagement,Low Risk,28.4,51.6,Monitor low engagement
HCP0212,Dr. Nidhi Bail,T008,Hyderabad Central,Tier 2,2354735.96,33,62.64,31,Growth Potential,Low Risk,35.8,68.8,Review growth opportunity
HCP0213,Dr. Gaurang Sarkar,T009,Chennai Metro,Tier 2,5120201.75,48,49.85,23,High Value,Medium Risk,30.6,77.7,Schedule follow-up call
HCP0214,Dr. Farhan Randhawa,T010,Kolkata East,Tier 3,4331169.03,45,58.42,2,High Value,Low Risk,15.3,65.2,Maintain engagement
HCP0215,Dr. Om Bose,T011,Ahmedabad Gujarat,Tier 2,3710653.87,38,50.68,6,Low Engagement,Low Risk,31.5,50.0,Monitor low engagement
HCP0216,Dr. Ikshita Panchal,T012,Jaipur Rajasthan,Tier 3,4377942.58,35,48.63,9,Low Engagement,Medium Risk,35.8,53.5,Monitor low engagement
HCP0217,Dr. Aahana Hora,T001,Pune Central,Tier 3,951486.87,46,48.07,6,Low Engagement,Medium Risk,39.1,23.4,Monitor low engagement
HCP0218,Dr. Peter Tak,T002,Mumbai Metro,Tier 3,2389140.65,47,47.13,6,High Value,Low Risk,34.6,43.8,Maintain engagement
HCP0219,Dr. Matthew Sarraf,T003,Nashik North,Tier 1,3528534.82,43,49.47,23,Low Engagement,Medium Risk,36.3,59.5,Monitor low engagement
HCP0220,Dr. Anvi Bhalla,T004,Nagpur Vidarbha,Tier 1,6206516.31,44,52.98,3,High Value,Low Risk,20.1,66.7,Maintain engagement
HCP0221,Dr. Triya Seth,T005,Delhi NCR,Tier 1,10663766.76,43,43.05,2,High Value,Low Risk,29.9,55.8,Maintain engagement
HCP0222,Dr. Faraj Chana,T006,Gurgaon Corporate,Tier 3,3507018.67,29,55.24,62,Growth Potential,Low Risk,53.9,78.2,Review growth opportunity
HCP0223,Dr. Shivani Guha,T007,Bengaluru Urban,Tier 2,4140157.8,41,44.9,10,Low Engagement,Medium Risk,36.3,48.5,Monitor low engagement
HCP0224,Dr. David Seshadri,T008,Hyderabad Central,Tier 1,3650841.81,29,46.17,2,Low Engagement,Low Risk,41.2,35.9,Monitor low engagement
HCP0225,Dr. Yamini Gera,T009,Chennai Metro,Tier 2,4237543.81,35,61.23,4,Low Engagement,Low Risk,20.0,58.4,Monitor low engagement
HCP0226,Dr. Reva Viswanathan,T010,Kolkata East,Tier 2,2792664.57,30,52.23,24,Low Engagement,Low Risk,44.9,58.8,Monitor low engagement
HCP0227,Dr. Lila Rege,T011,Ahmedabad Gujarat,Tier 1,5054861.23,31,58.48,12,Low Engagement,Medium Risk,27.3,70.2,Monitor low engagement
HCP0228,Dr. Forum Chandra,T012,Jaipur Rajasthan,Tier 1,7743005.09,35,52.4,0,High Value,Low Risk,25.3,63.0,Maintain engagement
HCP0229,Dr. Gauri Bumb,T001,Pune Central,Tier 3,2042650.7,43,52.77,0,Low Engagement,Low Risk,29.4,28.7,Monitor low engagement
HCP0230,Dr. Kai Chad,T002,Mumbai Metro,Tier 3,2746298.06,53,45.98,20,High Value,High Risk,38.0,57.5,Schedule follow-up call
HCP0231,Dr. Girik Sampath,T003,Nashik North,Tier 2,3073613.86,58,50.0,13,High Value,Medium Risk,29.3,60.9,Maintain engagement
HCP0232,Dr. Pranit Kala,T004,Nagpur Vidarbha,Tier 2,2577518.75,53,49.68,4,High Value,Medium Risk,28.4,45.8,Maintain engagement
HCP0233,Dr. Laksh Dubey,T005,Delhi NCR,Tier 3,2634524.27,30,47.77,30,Growth Potential,Medium Risk,52.6,56.8,Maintain engagement
HCP0234,Dr. Gayathri Deep,T006,Gurgaon Corporate,Tier 1,6554187.99,35,57.23,8,High Value,Low Risk,23.5,78.9,Maintain engagement
HCP0235,Dr. Noah Sarma,T007,Bengaluru Urban,Tier 3,1630271.13,37,52.46,10,Low Engagement,Medium Risk,39.4,39.8,Monitor low engagement
HCP0236,Dr. Sachi Mane,T008,Hyderabad Central,Tier 2,4271924.79,33,45.52,11,Low Engagement,Medium Risk,41.6,51.1,Monitor low engagement
HCP0237,Dr. Dayamai Singh,T009,Chennai Metro,Tier 2,5212103.96,49,43.18,2,High Value,Low Risk,29.7,50.2,Maintain engagement
HCP0238,Dr. Triya Manda,T010,Kolkata East,Tier 2,3450484.71,25,45.28,47,Growth Potential,High Risk,60.7,62.3,Schedule follow-up call
HCP0239,Dr. Neel Iyengar,T011,Ahmedabad Gujarat,Tier 3,2917244.24,50,50.52,51,Growth Potential,Low Risk,44.9,66.0,Review growth opportunity
HCP0240,Dr. Kamya Chauhan,T012,Jaipur Rajasthan,Tier 1,3694564.03,41,54.9,2,Low Engagement,Low Risk,23.1,48.8,Monitor low engagement
HCP0241,Dr. Naveen Mahajan,T001,Pune Central,Tier 1,4606326.13,44,54.66,0,High Value,Low Risk,18.8,59.7,Maintain engagement
HCP0242,Dr. Gavin Kapadia,T002,Mumbai Metro,Tier 3,3556553.75,42,57.4,6,Low Engagement,Low Risk,21.6,56.4,Monitor low engagement
HCP0243,Dr. Chatresh Randhawa,T003,Nashik North,Tier 2,2358047.8,44,49.16,7,Low Engagement,Medium Risk,34.1,37.8,Monitor low engagement
HCP0244,Dr. Kavya Kapur,T004,Nagpur Vidarbha,Tier 2,4313382.76,51,45.14,9,High Value,Medium Risk,30.7,58.8,Monitor low engagement
HCP0245,Dr. Madhav Devan,T005,Delhi NCR,Tier 3,2170752.13,43,42.67,14,Low Engagement,Medium Risk,45.4,35.6,Monitor low engagement
HCP0246,Dr. Upasna Sen,T006,Gurgaon Corporate,Tier 2,5582784.39,31,44.48,15,Low Engagement,Medium Risk,43.5,57.3,Monitor low engagement
HCP0247,Dr. Tanveer Doctor,T007,Bengaluru Urban,Tier 3,1583308.31,42,42.71,34,Growth Potential,High Risk,55.9,43.1,Schedule follow-up call
HCP0248,Dr. Wazir Mitra,T008,Hyderabad Central,Tier 1,2198330.54,36,50.03,25,Low Engagement,Medium Risk,46.4,50.3,Monitor low engagement
HCP0249,Dr. Tanvi Bhatnagar,T009,Chennai Metro,Tier 1,2630903.49,35,50.69,54,Growth Potential,Low Risk,55.4,64.6,Review growth opportunity
HCP0250,Dr. Yutika Khurana,T010,Kolkata East,Tier 1,2113493.6,40,47.62,26,Low Engagement,Medium Risk,46.6,45.5,Monitor low engagement
HCP0251,Dr. Ira Khosla,T011,Ahmedabad Gujarat,Tier 2,2963628.95,28,53.71,5,Low Engagement,Low Risk,36.5,46.9,Monitor low engagement
HCP0252,Dr. Ekansh Vora,T012,Jaipur Rajasthan,Tier 1,4470946.53,37,55.22,2,Low Engagement,Low Risk,24.0,53.8,Monitor low engagement
HCP0253,Dr. Upma Bassi,T001,Pune Central,Tier 3,4344993.78,40,48.68,4,Low Engagement,Medium Risk,29.8,46.6,Monitor low engagement
HCP0254,Dr. Ishanvi Bir,T002,Mumbai Metro,Tier 2,2242601.07,63,46.11,7,High Value,Low Risk,34.2,42.7,Maintain engagement
HCP0255,Dr. Kiaan Basu,T003,Nashik North,Tier 2,7286421.42,43,51.35,13,High Value,Medium Risk,25.6,78.0,Maintain engagement
HCP0256,Dr. Varenya Gopal,T004,Nagpur Vidarbha,Tier 1,4574095.95,47,45.68,0,High Value,Low Risk,27.7,46.7,Maintain engagement
HCP0257,Dr. Balhaar Memon,T005,Delhi NCR,Tier 2,2444710.44,38,46.03,8,Low Engagement,Low Risk,41.7,35.7,Monitor low engagement
HCP0258,Dr. Diya Mukherjee,T006,Gurgaon Corporate,Tier 2,1234574.43,26,56.62,51,Growth Potential,Low Risk,57.2,59.2,Review growth opportunity
HCP0259,Dr. Rayaan Mangal,T007,Bengaluru Urban,Tier 2,3585612.64,31,48.55,3,Low Engagement,Medium Risk,38.0,40.1,Monitor low engagement
HCP0260,Dr. Jeet Pillai,T008,Hyderabad Central,Tier 1,7078551.05,31,47.71,6,Low Engagement,Medium Risk,35.5,54.4,Monitor low engagement
HCP0261,Dr. Harinakshi Grover,T009,Chennai Metro,Tier 3,2261082.5,28,59.18,4,Low Engagement,Low Risk,32.5,43.4,Monitor low engagement
HCP0262,Dr. Fitan Samra,T010,Kolkata East,Tier 1,2012822.3,30,42.47,17,Low Engagement,Medium Risk,56.3,35.5,Monitor low engagement
HCP0263,Dr. Chaaya Nagi,T011,Ahmedabad Gujarat,Tier 3,2875168.18,30,51.33,0,Low Engagement,Low Risk,36.7,34.0,Monitor low engagement
HCP0264,Dr. Damini Sehgal,T012,Jaipur Rajasthan,Tier 2,3033247.85,36,51.75,6,Low Engagement,Low Risk,34.2,46.5,Monitor low engagement
HCP0265,Dr. Sanya Basak,T001,Pune Central,Tier 2,7829304.73,42,53.5,7,High Value,Low Risk,21.2,75.8,Maintain engagement
HCP0266,Dr. Falan Ravi,T002,Mumbai Metro,Tier 2,4865660.9,45,55.91,22,High Value,Low Risk,25.1,84.9,Schedule follow-up call
HCP0267,Dr. Luke Sarma,T003,Nashik North,Tier 3,2163691.84,52,51.23,10,High Value,Medium Risk,31.0,52.2,Maintain engagement
HCP0268,Dr. Jeevika Pathak,T004,Nagpur Vidarbha,Tier 3,4227183.92,50,53.46,1,High Value,Low Risk,19.0,58.1,Maintain engagement
HCP0269,Dr. Kamala Prabhu,T005,Delhi NCR,Tier 2,5292442.07,35,53.49,10,Low Engagement,Medium Risk,29.4,65.0,Monitor low engagement
HCP0270,Dr. Mitali Murthy,T006,Gurgaon Corporate,Tier 3,1406813.59,33,58.09,17,Low Engagement,Medium Risk,39.3,48.7,Monitor low engagement
HCP0271,Dr. Quincy Tata,T007,Bengaluru Urban,Tier 1,5112821.98,37,51.86,5,Low Engagement,Low Risk,28.1,56.1,Monitor low engagement
HCP0272,Dr. Sanaya Kala,T008,Hyderabad Central,Tier 3,2091679.92,29,53.9,3,Low Engagement,Low Risk,38.5,35.8,Monitor low engagement
HCP0273,Dr. Krishna Borah,T009,Chennai Metro,Tier 3,2380896.62,33,57.73,19,Low Engagement,Medium Risk,36.7,58.8,Monitor low engagement
HCP0274,Dr. Ekaja Palan,T010,Kolkata East,Tier 2,1771561.74,28,51.93,11,Low Engagement,Medium Risk,45.3,41.1,Monitor low engagement
HCP0275,Dr. Owen Pathak,T011,Ahmedabad Gujarat,Tier 1,4253126.75,39,51.54,6,Low Engagement,Low Risk,28.4,54.7,Monitor low engagement
HCP0276,Dr. Warjas Tak,T012,Jaipur Rajasthan,Tier 3,1119271.97,34,64.21,5,Low Engagement,Low Risk,28.2,36.2,Monitor low engagement
HCP0277,Dr. Unni Dayal,T001,Pune Central,Tier 2,7342558.99,51,56.53,14,High Value,Medium Risk,17.0,85.4,Maintain engagement
HCP0278,Dr. Varenya Vora,T002,Mumbai Metro,Tier 2,2135659.92,58,48.86,16,High Value,Medium Risk,35.3,52.6,Maintain engagement
HCP0279,Dr. Edhitha Borah,T003,Nashik North,Tier 2,3285061.74,42,47.24,7,Low Engagement,Low Risk,34.3,42.1,Monitor low engagement
HCP0280,Dr. Kabir Gopal,T004,Nagpur Vidarbha,Tier 3,2151850.49,37,44.19,5,Low Engagement,Low Risk,44.9,26.3,Monitor low engagement
HCP0281,Dr. Jeet Vasa,T005,Delhi NCR,Tier 1,6311460.77,32,49.69,58,Growth Potential,Medium Risk,52.7,79.7,Maintain engagement
HCP0282,Dr. Ekantika Kar,T006,Gurgaon Corporate,Tier 3,1592574.05,38,46.08,0,Low Engagement,Low Risk,42.2,14.7,Monitor low engagement
HCP0283,Dr. Zashil Hegde,T007,Bengaluru Urban,Tier 2,3197563.18,39,49.9,2,Low Engagement,Medium Risk,31.8,37.6,Monitor low engagement
HCP0284,Dr. Yadavi Ganguly,T008,Hyderabad Central,Tier 2,5446901.85,32,49.84,15,Low Engagement,Medium Risk,37.2,63.8,Monitor low engagement
HCP0285,Dr. Ayush Bumb,T009,Chennai Metro,Tier 1,3600991.84,30,50.2,2,Low Engagement,Medium Risk,36.2,41.6,Monitor low engagement
HCP0286,Dr. Omaja Balasubramanian,T010,Kolkata East,Tier 2,2857888.73,35,49.17,14,Low Engagement,Medium Risk,41.6,48.4,Monitor low engagement
HCP0287,Dr. Yash Ravi,T011,Ahmedabad Gujarat,Tier 1,3105890.15,34,58.03,58,Growth Potential,Low Risk,47.8,76.5,Review growth opportunity
HCP0288,Dr. Nakul Sarraf,T012,Jaipur Rajasthan,Tier 3,3087415.01,40,49.28,3,Low Engagement,Medium Risk,32.4,37.7,Monitor low engagement
HCP0289,Dr. Harini Dhawan,T001,Pune Central,Tier 2,2168003.41,47,54.57,2,Low Engagement,Low Risk,25.8,35.6,Monitor low engagement
HCP0290,Dr. Kalpit Prabhakar,T002,Mumbai Metro,Tier 1,3776853.57,50,48.4,7,High Value,Medium Risk,28.0,57.4,Maintain engagement
HCP0291,Dr. Jason Loke,T003,Nashik North,Tier 1,5150944.26,40,56.35,18,High Value,Medium Risk,25.3,84.1,Maintain engagement
HCP0292,Dr. Chandresh Mannan,T004,Nagpur Vidarbha,Tier 3,4275895.54,38,44.61,2,Low Engagement,Low Risk,35.4,38.0,Monitor low engagement
HCP0293,Dr. Falak Munshi,T005,Delhi NCR,Tier 1,3805005.34,34,52.03,8,Low Engagement,Low Risk,33.7,54.9,Monitor low engagement
HCP0294,Dr. Wishi Morar,T006,Gurgaon Corporate,Tier 3,1399670.24,36,50.47,18,Low Engagement,Medium Risk,46.2,40.8,Monitor low engagement
HCP0295,Dr. Yashasvi Shankar,T007,Bengaluru Urban,Tier 2,5082012.06,29,60.86,30,Growth Potential,Low Risk,32.4,84.7,Review growth opportunity
HCP0296,Dr. Chanakya Bedi,T008,Hyderabad Central,Tier 1,3024330.7,29,42.55,21,Low Engagement,High Risk,54.5,47.3,Schedule follow-up call
HCP0297,Dr. Abhiram Chokshi,T009,Chennai Metro,Tier 3,3167652.52,30,51.77,5,Low Engagement,Low Risk,37.0,45.8,Monitor low engagement
HCP0298,Dr. Neha Pau,T010,Kolkata East,Tier 1,2465989.14,27,51.26,11,Low Engagement,Medium Risk,43.4,46.7,Monitor low engagement
HCP0299,Dr. Janani Mani,T011,Ahmedabad Gujarat,Tier 2,2903748.54,36,51.36,23,Low Engagement,Low Risk,41.6,57.9,Monitor low engagement
HCP0300,Dr. Ati Dani,T012,Jaipur Rajasthan,Tier 1,3986909.85,42,50.6,11,High Value,Medium Risk,30.0,66.6,Maintain engagement
HCP0301,Dr. Harinakshi Pau,T001,Pune Central,Tier 3,2608776.76,48,57.25,4,High Value,Low Risk,21.3,55.7,Maintain engagement
HCP0302,Dr. Xiti Baria,T002,Mumbai Metro,Tier 2,6292505.32,46,50.91,5,High Value,Low Risk,22.4,67.0,Maintain engagement
HCP0303,Dr. Urvi Venkataraman,T003,Nashik North,Tier 2,2017151.64,47,47.45,1,Low Engagement,Medium Risk,34.0,21.6,Monitor low engagement
HCP0304,Dr. Falak Nagar,T004,Nagpur Vidarbha,Tier 2,3432081.12,40,52.02,3,Low Engagement,Low Risk,28.3,44.7,Monitor low engagement
HCP0305,Dr. Gayathri Tripathi,T005,Delhi NCR,Tier 1,2857672.26,27,53.15,10,Low Engagement,Medium Risk,39.8,50.8,Monitor low engagement
HCP0306,Dr. Anay Pillay,T006,Gurgaon Corporate,Tier 1,6919944.8,35,50.97,27,Growth Potential,Low Risk,37.5,79.2,Review growth opportunity
HCP0307,Dr. Avi Som,T007,Bengaluru Urban,Tier 2,5086194.21,38,53.61,1,Low Engagement,Low Risk,23.9,51.3,Monitor low engagement
HCP0308,Dr. Onkar Viswanathan,T008,Hyderabad Central,Tier 3,1371734.62,32,52.72,14,Low Engagement,Medium Risk,45.0,41.3,Monitor low engagement
HCP0309,Dr. Imaran Halder,T009,Chennai Metro,Tier 3,3708713.1,28,55.18,33,Growth Potential,Low Risk,42.9,77.2,Review growth opportunity
HCP0310,Dr. Max Sachar,T010,Kolkata East,Tier 3,4091232.45,43,47.14,5,High Value,Low Risk,30.7,54.5,Maintain engagement
HCP0311,Dr. David Devi,T011,Ahmedabad Gujarat,Tier 1,3342729.34,34,48.47,24,Low Engagement,Medium Risk,45.2,56.7,Monitor low engagement
HCP0312,Dr. Dipta Ghose,T012,Jaipur Rajasthan,Tier 3,1442584.08,38,51.34,1,Low Engagement,Low Risk,37.0,23.4,Monitor low engagement
HCP0313,Dr. Aishani Sule,T001,Pune Central,Tier 3,1103178.5,61,48.7,2,High Value,Medium Risk,33.6,28.3,Maintain engagement
HCP0314,Dr. Umang Mishra,T002,Mumbai Metro,Tier 2,3112672.69,49,42.67,9,High Value,Medium Risk,37.7,49.2,Monitor low engagement
HCP0315,Dr. Varsha Palla,T003,Nashik North,Tier 3,1422664.96,56,55.98,0,High Value,Low Risk,24.0,37.8,Maintain engagement
HCP0316,Dr. Megha Pai,T004,Nagpur Vidarbha,Tier 3,2379308.63,45,46.18,9,Low Engagement,Medium Risk,37.8,36.3,Monitor low engagement
HCP0317,Dr. Farhan Pal,T005,Delhi NCR,Tier 3,3430589.84,31,48.55,29,Growth Potential,Medium Risk,48.3,63.6,Maintain engagement
HCP0318,Dr. Saksham Yohannan,T006,Gurgaon Corporate,Tier 3,781369.32,21,47.86,0,Low Engagement,Medium Risk,49.2,12.0,Monitor low engagement
HCP0319,Dr. Wriddhish Kibe,T007,Bengaluru Urban,Tier 2,4064478.36,40,42.1,19,Low Engagement,Medium Risk,43.6,53.1,Monitor low engagement
HCP0320,Dr. Charles Chaudhry,T008,Hyderabad Central,Tier 3,2724180.29,39,41.49,22,Low Engagement,High Risk,50.4,45.0,Schedule follow-up call
HCP0321,Dr. Laksh Ahluwalia,T009,Chennai Metro,Tier 2,4965434.39,37,49.73,17,Low Engagement,Medium Risk,35.2,63.2,Monitor low engagement
HCP0322,Dr. Ryan Mani,T010,Kolkata East,Tier 3,2530163.62,40,54.88,20,Low Engagement,Low Risk,34.3,58.7,Monitor low engagement
HCP0323,Dr. Vincent Warrior,T011,Ahmedabad Gujarat,Tier 3,1181899.45,40,49.3,51,Growth Potential,Medium Risk,57.3,49.1,Maintain engagement
HCP0324,Dr. Balhaar Ranganathan,T012,Jaipur Rajasthan,Tier 3,2992294.98,29,53.86,10,Low Engagement,Medium Risk,37.7,53.2,Monitor low engagement
HCP0325,Dr. Aditya Misra,T001,Pune Central,Tier 2,5594110.67,52,50.19,11,High Value,Medium Risk,23.8,72.1,Maintain engagement
HCP0326,Dr. Wakeeta Desai,T002,Mumbai Metro,Tier 3,2113927.32,51,52.35,6,High Value,Low Risk,28.7,49.4,Maintain engagement
HCP0327,Dr. Ganga Gaba,T003,Nashik North,Tier 1,3704935.37,59,50.81,21,High Value,Low Risk,29.2,72.7,Schedule follow-up call
HCP0328,Dr. Geetika Merchant,T004,Nagpur Vidarbha,Tier 2,5626368.62,50,57.78,7,High Value,Low Risk,14.2,76.9,Maintain engagement
HCP0329,Dr. Yutika Narang,T005,Delhi NCR,Tier 3,1491613.86,26,48.12,20,Low Engagement,Medium Risk,54.3,39.2,Monitor low engagement
HCP0330,Dr. Qasim Dey,T006,Gurgaon Corporate,Tier 1,9175166.27,38,42.34,0,High Value,Low Risk,33.8,51.3,Maintain engagement
HCP0331,Dr. Advika Rajagopal,T007,Bengaluru Urban,Tier 1,4240401.91,43,48.07,23,High Value,Medium Risk,35.9,72.0,Schedule follow-up call
HCP0332,Dr. Chasmum Apte,T008,Hyderabad Central,Tier 3,2765222.13,36,48.58,8,Low Engagement,Medium Risk,39.5,41.3,Monitor low engagement
HCP0333,Dr. Jagat Shroff,T009,Chennai Metro,Tier 3,1733784.03,41,55.73,27,Growth Potential,Low Risk,38.5,60.0,Review growth opportunity
HCP0334,Dr. Jacob Merchant,T010,Kolkata East,Tier 3,1039361.58,36,52.22,0,Low Engagement,Low Risk,38.6,20.2,Monitor low engagement
HCP0335,Dr. Vanya Dua,T011,Ahmedabad Gujarat,Tier 3,1911014.85,40,48.68,20,Low Engagement,Medium Risk,43.9,43.3,Monitor low engagement
HCP0336,Dr. Tejas Kota,T012,Jaipur Rajasthan,Tier 3,1984197.48,24,48.12,107,Growth Potential,Medium Risk,85.2,54.9,Maintain engagement
HCP0337,Dr. Faras Choudhury,T001,Pune Central,Tier 3,1976633.16,44,47.2,1,Low Engagement,Low Risk,35.7,21.0,Monitor low engagement
HCP0338,Dr. Nitesh Narang,T002,Mumbai Metro,Tier 1,7069184.1,42,50.74,6,High Value,Low Risk,24.5,69.6,Maintain engagement
HCP0339,Dr. Gavin Uppal,T003,Nashik North,Tier 3,1543629.5,50,53.34,8,High Value,Low Risk,30.7,47.8,Maintain engagement
HCP0340,Dr. Yochana Sagar,T004,Nagpur Vidarbha,Tier 3,1045279.96,43,45.42,1,Low Engagement,Low Risk,41.3,12.0,Monitor low engagement
HCP0341,Dr. Anthony Randhawa,T005,Delhi NCR,Tier 3,1143562.74,41,55.17,13,Low Engagement,Medium Risk,35.9,42.4,Monitor low engagement
HCP0342,Dr. Chakradev Sampath,T006,Gurgaon Corporate,Tier 1,9322957.87,39,46.79,16,High Value,Medium Risk,33.8,74.4,Monitor low engagement
HCP0343,Dr. Urmi Balay,T007,Bengaluru Urban,Tier 2,3591874.82,29,55.07,3,Low Engagement,Low Risk,31.7,50.3,Monitor low engagement
HCP0344,Dr. Osha Prasad,T008,Hyderabad Central,Tier 3,1625582.69,29,50.07,3,Low Engagement,Medium Risk,44.5,26.4,Monitor low engagement
HCP0345,Dr. Faris Zacharia,T009,Chennai Metro,Tier 3,2653232.44,36,50.28,19,Low Engagement,Medium Risk,42.0,52.4,Monitor low engagement
HCP0346,Dr. Maya Wadhwa,T010,Kolkata East,Tier 3,3008522.83,34,48.94,24,Low Engagement,Medium Risk,45.8,54.9,Monitor low engagement
HCP0347,Dr. Chanchal Sheth,T011,Ahmedabad Gujarat,Tier 3,3871722.02,25,54.08,4,Low Engagement,Low Risk,33.3,52.3,Monitor low engagement
HCP0348,Dr. Yug Sharma,T012,Jaipur Rajasthan,Tier 3,2990638.19,40,55.3,12,Low Engagement,Medium Risk,29.4,57.2,Monitor low engagement
HCP0349,Dr. Isaiah Balay,T001,Pune Central,Tier 3,2225995.4,46,54.8,12,Low Engagement,Medium Risk,29.4,49.8,Monitor low engagement
HCP0350,Dr. Ekalinga Chaudhuri,T002,Mumbai Metro,Tier 2,2523383.52,53,53.34,11,High Value,Medium Risk,27.1,59.9,Maintain engagement
HCP0351,Dr. Chaitanya Ratti,T003,Nashik North,Tier 2,2932220.06,36,44.31,1,Low Engagement,Low Risk,41.2,26.3,Monitor low engagement
HCP0352,Dr. Daksh Dey,T004,Nagpur Vidarbha,Tier 2,2409006.54,58,54.81,0,High Value,Low Risk,21.3,45.2,Maintain engagement
HCP0353,Dr. Warjas Mittal,T005,Delhi NCR,Tier 3,1485738.34,32,50.34,70,Growth Potential,Low Risk,68.1,54.2,Review growth opportunity
HCP0354,Dr. Charita Maharaj,T006,Gurgaon Corporate,Tier 1,3600443.72,38,51.08,42,Growth Potential,Low Risk,44.9,71.4,Review growth opportunity
HCP0355,Dr. Warhi Batta,T007,Bengaluru Urban,Tier 3,2226410.36,28,50.46,4,Low Engagement,Low Risk,42.5,34.1,Monitor low engagement
HCP0356,Dr. Omaja Rege,T008,Hyderabad Central,Tier 3,1847875.88,36,55.5,1,Low Engagement,Low Risk,32.6,32.6,Monitor low engagement
HCP0357,Dr. Urvashi Khosla,T009,Chennai Metro,Tier 2,1279535.13,34,52.06,19,Low Engagement,Medium Risk,46.8,43.0,Monitor low engagement
HCP0358,Dr. Ubika Bhardwaj,T010,Kolkata East,Tier 3,1130153.47,38,55.34,8,Low Engagement,Low Risk,36.1,37.7,Monitor low engagement
HCP0359,Dr. Lipika Kibe,T011,Ahmedabad Gujarat,Tier 3,1787357.06,33,54.91,2,Low Engagement,Low Risk,36.0,33.0,Monitor low engagement
HCP0360,Dr. Shivani Prabhakar,T012,Jaipur Rajasthan,Tier 2,5592199.07,34,52.35,2,Low Engagement,Low Risk,28.1,53.3,Monitor low engagement
HCP0361,Dr. Charan Loyal,T001,Pune Central,Tier 1,5278849.84,45,47.02,12,High Value,Medium Risk,30.6,66.7,Monitor low engagement
HCP0362,Dr. Teerth Srinivas,T002,Mumbai Metro,Tier 1,9508110.38,53,51.34,0,High Value,Low Risk,16.3,62.5,Maintain engagement
HCP0363,Dr. Siddharth Gupta,T003,Nashik North,Tier 2,2792685.88,35,53.83,3,Low Engagement,Low Risk,32.4,42.3,Monitor low engagement
HCP0364,Dr. Mekhala Khatri,T004,Nagpur Vidarbha,Tier 2,4235090.86,52,54.94,21,High Value,Low Risk,24.1,81.6,Schedule follow-up call
HCP0365,Dr. Jagrati Morar,T005,Delhi NCR,Tier 2,5609126.07,20,45.25,9,Low Engagement,Medium Risk,42.5,53.0,Monitor low engagement
HCP0366,Dr. Unnati Chaudhari,T006,Gurgaon Corporate,Tier 2,2730150.84,32,45.53,14,Low Engagement,Medium Risk,47.9,42.9,Monitor low engagement
HCP0367,Dr. Dhriti Sachdev,T007,Bengaluru Urban,Tier 3,1317337.06,35,49.57,42,Growth Potential,Medium Risk,57.3,49.6,Maintain engagement
HCP0368,Dr. Amol Lal,T008,Hyderabad Central,Tier 1,2945915.53,38,48.03,23,Low Engagement,Medium Risk,43.5,52.6,Monitor low engagement
HCP0369,Dr. Forum Karpe,T009,Chennai Metro,Tier 2,4080523.6,37,64.92,4,Low Engagement,Low Risk,14.7,57.7,Monitor low engagement
HCP0370,Dr. Aarini Suresh,T010,Kolkata East,Tier 3,891919.61,42,58.38,41,Growth Potential,Low Risk,42.7,57.4,Review growth opportunity
HCP0371,Dr. Omkaar Dey,T011,Ahmedabad Gujarat,Tier 2,5147838.0,39,44.62,52,Growth Potential,High Risk,52.1,70.4,Schedule follow-up call
HCP0372,Dr. Falan Bava,T012,Jaipur Rajasthan,Tier 3,4184470.1,29,46.31,20,Low Engagement,High Risk,46.5,57.7,Schedule follow-up call
HCP0373,Dr. Ekansh Dora,T001,Pune Central,Tier 3,1942820.38,50,55.04,1,High Value,Low Risk,24.8,42.8,Maintain engagement
HCP0374,Dr. Kashvi Bhasin,T002,Mumbai Metro,Tier 3,4805869.19,41,49.41,9,High Value,Medium Risk,29.8,65.9,Maintain engagement
HCP0375,Dr. Nisha Arora,T003,Nashik North,Tier 3,4461124.07,53,55.04,20,High Value,Low Risk,22.9,82.3,Schedule follow-up call
HCP0376,Dr. Bhavini Badal,T004,Nagpur Vidarbha,Tier 3,1651680.28,37,53.7,17,Low Engagement,Medium Risk,40.5,46.8,Monitor low engagement
HCP0377,Dr. Manthan Khosla,T005,Delhi NCR,Tier 2,2291425.74,38,56.24,2,Low Engagement,Low Risk,28.6,39.1,Monitor low engagement
HCP0378,Dr. Amara Ranganathan,T006,Gurgaon Corporate,Tier 3,2680889.14,37,43.7,15,Low Engagement,Medium Risk,47.0,41.4,Monitor low engagement
HCP0379,Dr. Yagnesh Kara,T007,Bengaluru Urban,Tier 2,4269574.79,39,49.64,9,Low Engagement,Medium Risk,31.6,54.6,Monitor low engagement
HCP0380,Dr. Nidra Raghavan,T008,Hyderabad Central,Tier 2,3323499.34,42,46.81,3,Low Engagement,Low Risk,33.2,35.8,Monitor low engagement
HCP0381,Dr. Onveer Butala,T009,Chennai Metro,Tier 2,4457217.38,38,55.92,42,Growth Potential,Low Risk,37.4,82.8,Review growth opportunity
HCP0382,Dr. Brijesh Karpe,T010,Kolkata East,Tier 3,2241281.07,38,54.05,17,Low Engagement,Medium Risk,36.9,52.6,Monitor low engagement
HCP0383,Dr. Falan Mand,T011,Ahmedabad Gujarat,Tier 1,3475620.91,40,54.9,17,Low Engagement,Medium Risk,30.1,63.6,Monitor low engagement
HCP0384,Dr. Sarthak Dhawan,T012,Jaipur Rajasthan,Tier 3,2048780.13,30,44.77,19,Low Engagement,Medium Risk,54.3,38.8,Monitor low engagement
HCP0385,Dr. Wridesh Ramachandran,T001,Pune Central,Tier 3,2319237.74,39,48.08,2,Low Engagement,Medium Risk,36.9,27.8,Monitor low engagement
HCP0386,Dr. Farhan Tella,T002,Mumbai Metro,Tier 2,5167862.69,45,45.31,0,High Value,Low Risk,28.2,48.3,Maintain engagement
HCP0387,Dr. Vincent Borra,T003,Nashik North,Tier 1,4220927.48,39,50.15,13,Low Engagement,Medium Risk,32.7,59.1,Monitor low engagement
HCP0388,Dr. Anjali Seshadri,T004,Nagpur Vidarbha,Tier 3,4281573.19,59,51.44,2,High Value,Low Risk,19.9,58.0,Maintain engagement
HCP0389,Dr. Rachana Grewal,T005,Delhi NCR,Tier 3,1592783.79,41,45.83,6,Low Engagement,Low Risk,42.5,24.9,Monitor low engagement
HCP0390,Dr. Ethan Butala,T006,Gurgaon Corporate,Tier 2,2553476.37,31,39.23,6,Low Engagement,Low Risk,53.0,30.5,Monitor low engagement
HCP0391,Dr. Lopa Nadig,T007,Bengaluru Urban,Tier 3,2286638.79,33,53.52,19,Low Engagement,Medium Risk,41.8,53.9,Monitor low engagement
HCP0392,Dr. Darika Saxena,T008,Hyderabad Central,Tier 3,1311122.83,27,39.74,13,Low Engagement,Medium Risk,61.7,26.4,Monitor low engagement
HCP0393,Dr. Gagan Grover,T009,Chennai Metro,Tier 2,1378141.95,37,55.0,2,Low Engagement,Low Risk,34.4,29.8,Monitor low engagement
HCP0394,Dr. Harshil Bal,T010,Kolkata East,Tier 2,3422445.82,37,51.03,35,Growth Potential,Low Risk,43.9,68.8,Review growth opportunity
HCP0395,Dr. Ekta Rajan,T011,Ahmedabad Gujarat,Tier 3,3809248.34,28,53.07,0,Low Engagement,Low Risk,32.7,43.6,Monitor low engagement
HCP0396,Dr. Frado Kibe,T012,Jaipur Rajasthan,Tier 3,1332846.22,41,43.34,16,Low Engagement,Medium Risk,49.9,29.7,Monitor low engagement
HCP0397,Dr. Liam Luthra,T001,Pune Central,Tier 1,8689602.92,46,40.78,10,High Value,Medium Risk,34.4,65.4,Monitor low engagement
HCP0398,Dr. Dev Ganesh,T002,Mumbai Metro,Tier 2,3029339.13,45,45.82,5,High Value,Low Risk,34.5,45.8,Maintain engagement
HCP0399,Dr. Veda Bose,T003,Nashik North,Tier 3,1667548.57,40,54.38,3,Low Engagement,Low Risk,31.9,33.2,Monitor low engagement
HCP0400,Dr. Rohan Shankar,T004,Nagpur Vidarbha,Tier 1,3580259.65,51,55.47,8,High Value,Low Risk,20.7,68.0,Maintain engagement
HCP0401,Dr. Meghana Natarajan,T005,Delhi NCR,Tier 1,5150289.44,41,44.8,44,Growth Potential,High Risk,47.5,69.9,Schedule follow-up call
HCP0402,Dr. Qushi Deshpande,T006,Gurgaon Corporate,Tier 2,8185711.95,32,41.28,14,High Value,Medium Risk,44.7,68.8,Monitor low engagement
HCP0403,Dr. Dipta Goel,T007,Bengaluru Urban,Tier 3,1010895.7,30,54.13,5,Low Engagement,Low Risk,41.9,31.3,Monitor low engagement
HCP0404,Dr. Xavier Nanda,T008,Hyderabad Central,Tier 2,2352284.73,32,47.09,4,Low Engagement,Low Risk,43.8,29.6,Monitor low engagement
HCP0405,Dr. Ishaan Iyengar,T009,Chennai Metro,Tier 2,3225931.14,32,60.78,19,Low Engagement,Medium Risk,30.9,66.2,Monitor low engagement
HCP0406,Dr. Raksha Manne,T010,Kolkata East,Tier 3,1876117.72,36,48.69,18,Low Engagement,Medium Risk,46.5,41.6,Monitor low engagement
HCP0407,Dr. Chavvi Khurana,T011,Ahmedabad Gujarat,Tier 2,1164856.25,43,46.02,0,Low Engagement,Low Risk,40.0,11.5,Monitor low engagement
HCP0408,Dr. Ethan Sen,T012,Jaipur Rajasthan,Tier 2,1952102.47,31,54.81,0,Low Engagement,Low Risk,35.7,30.5,Monitor low engagement
HCP0409,Dr. Balhaar Parsa,T001,Pune Central,Tier 2,3319059.62,37,55.0,35,Growth Potential,Low Risk,39.7,74.0,Review growth opportunity
HCP0410,Dr. Isha Ganesan,T002,Mumbai Metro,Tier 2,2209122.02,51,60.51,4,High Value,Low Risk,18.2,53.1,Maintain engagement
HCP0411,Dr. Hitesh Anne,T003,Nashik North,Tier 2,2668199.45,49,52.39,2,High Value,Low Risk,25.5,48.0,Maintain engagement
HCP0412,Dr. Sanaya Prasad,T004,Nagpur Vidarbha,Tier 2,3715906.49,52,48.79,8,High Value,Medium Risk,27.4,59.1,Maintain engagement
HCP0413,Dr. Hemani Bakshi,T005,Delhi NCR,Tier 3,1360597.36,46,51.5,2,Low Engagement,Low Risk,32.7,24.7,Monitor low engagement
HCP0414,Dr. Frederick D’Alia,T006,Gurgaon Corporate,Tier 1,4030380.4,28,38.36,46,Growth Potential,High Risk,66.1,63.1,Schedule follow-up call
HCP0415,Dr. Tamanna Jhaveri,T007,Bengaluru Urban,Tier 2,3246716.68,40,48.0,1,Low Engagement,Medium Risk,32.6,33.1,Monitor low engagement
HCP0416,Dr. Raksha Sethi,T008,Hyderabad Central,Tier 3,2330987.93,34,62.76,5,Low Engagement,Low Risk,25.4,46.6,Monitor low engagement
HCP0417,Dr. Ishwar Bajaj,T009,Chennai Metro,Tier 3,1260408.26,37,53.19,13,Low Engagement,Medium Risk,41.0,39.9,Monitor low engagement
HCP0418,Dr. Zaitra Ghosh,T010,Kolkata East,Tier 2,4047353.1,30,53.97,18,Low Engagement,Medium Risk,36.8,66.8,Monitor low engagement
HCP0419,Dr. Vincent Ravel,T011,Ahmedabad Gujarat,Tier 3,1820801.59,39,49.38,28,Growth Potential,Medium Risk,47.2,51.3,Maintain engagement
HCP0420,Dr. Ayush Hora,T012,Jaipur Rajasthan,Tier 2,5287059.6,43,55.02,2,High Value,Low Risk,18.6,66.1,Maintain engagement
HCP0421,Dr. Tanish Jha,T001,Pune Central,Tier 1,10166737.96,46,45.52,2,High Value,Low Risk,25.8,57.6,Maintain engagement
HCP0422,Dr. Jasmit Nanda,T002,Mumbai Metro,Tier 3,1275695.8,36,59.86,3,Low Engagement,Low Risk,30.5,33.1,Monitor low engagement
HCP0423,Dr. Vrishti Wable,T003,Nashik North,Tier 2,6748139.05,46,47.78,16,High Value,Medium Risk,29.7,73.2,Maintain engagement
HCP0424,Dr. Ijaya Pandey,T004,Nagpur Vidarbha,Tier 3,3973893.33,46,49.2,8,High Value,Medium Risk,28.5,61.0,Maintain engagement
HCP0425,Dr. Krish Munshi,T005,Delhi NCR,Tier 3,929498.45,38,54.34,11,Low Engagement,Medium Risk,38.8,38.3,Monitor low engagement
HCP0426,Dr. Qadim Prakash,T006,Gurgaon Corporate,Tier 1,2316667.38,46,51.8,13,Low Engagement,Medium Risk,32.7,47.9,Monitor low engagement
HCP0427,Dr. Lakshit Rajagopal,T007,Bengaluru Urban,Tier 2,4638762.68,31,47.23,5,Low Engagement,Low Risk,37.9,47.0,Monitor low engagement
HCP0428,Dr. Ojas Suri,T008,Hyderabad Central,Tier 2,2277345.84,34,45.59,5,Low Engagement,Low Risk,44.9,29.5,Monitor low engagement
HCP0429,Dr. Shravya Bera,T009,Chennai Metro,Tier 2,3136951.1,34,43.76,12,Low Engagement,Medium Risk,46.7,42.5,Monitor low engagement
HCP0430,Dr. Robert Rajagopalan,T010,Kolkata East,Tier 2,3622679.64,48,53.56,31,Growth Potential,Low Risk,32.2,73.9,Review growth opportunity
HCP0431,Dr. Ojasvi Sawhney,T011,Ahmedabad Gujarat,Tier 2,2724294.52,39,49.13,2,Low Engagement,Medium Risk,34.2,32.7,Monitor low engagement
HCP0432,Dr. Thomas Master,T012,Jaipur Rajasthan,Tier 3,2106343.39,38,42.53,12,Low Engagement,Medium Risk,48.8,32.9,Monitor low engagement
HCP0433,Dr. Om Shankar,T001,Pune Central,Tier 3,3442085.68,58,50.45,8,High Value,Low Risk,25.8,59.6,Maintain engagement
HCP0434,Dr. Amrita Peri,T002,Mumbai Metro,Tier 3,1376896.47,60,54.25,7,High Value,Low Risk,28.4,46.6,Maintain engagement
HCP0435,Dr. Harsh Kota,T003,Nashik North,Tier 3,4940116.67,45,49.93,8,High Value,Medium Risk,26.4,66.1,Maintain engagement
HCP0436,Dr. Ijaya Chahal,T004,Nagpur Vidarbha,Tier 3,1902497.51,52,53.38,9,High Value,Medium Risk,29.2,52.0,Maintain engagement
HCP0437,Dr. Indali Sangha,T005,Delhi NCR,Tier 2,1532162.74,37,41.81,7,Low Engagement,Low Risk,50.6,22.6,Monitor low engagement
HCP0438,Dr. Daniel Panchal,T006,Gurgaon Corporate,Tier 3,3038550.22,33,50.06,5,Low Engagement,Medium Risk,37.9,42.0,Monitor low engagement
HCP0439,Dr. Brinda Mann,T007,Bengaluru Urban,Tier 1,2181436.0,40,52.88,0,Low Engagement,Low Risk,30.5,30.4,Monitor low engagement
HCP0440,Dr. Nisha Bhargava,T008,Hyderabad Central,Tier 3,966033.11,28,57.5,15,Low Engagement,Medium Risk,43.0,44.3,Monitor low engagement
HCP0441,Dr. Madhav Nagy,T009,Chennai Metro,Tier 1,3569698.13,41,53.63,21,Low Engagement,Low Risk,32.1,65.4,Monitor low engagement
HCP0442,Dr. Amruta Sachdeva,T010,Kolkata East,Tier 3,1103672.23,41,51.29,1,Low Engagement,Low Risk,35.9,20.8,Monitor low engagement
HCP0443,Dr. Neha Varma,T011,Ahmedabad Gujarat,Tier 3,3181870.53,30,47.8,25,Low Engagement,Medium Risk,48.9,54.8,Monitor low engagement
HCP0444,Dr. Falak Agate,T012,Jaipur Rajasthan,Tier 1,3665619.1,32,61.38,7,Low Engagement,Low Risk,24.3,59.8,Monitor low engagement
HCP0445,Dr. Mitali Kamdar,T001,Pune Central,Tier 2,2176368.29,42,49.69,1,Low Engagement,Medium Risk,33.3,26.8,Monitor low engagement
HCP0446,Dr. Ekantika Mander,T002,Mumbai Metro,Tier 2,4564839.39,39,43.46,19,Low Engagement,Medium Risk,41.9,56.2,Monitor low engagement
HCP0447,Dr. Chanakya Batra,T003,Nashik North,Tier 1,5161518.97,39,55.28,0,High Value,Low Risk,20.5,62.7,Maintain engagement
HCP0448,Dr. Nakul Sastry,T004,Nagpur Vidarbha,Tier 2,6545386.67,38,46.32,26,High Value,High Risk,40.1,76.6,Schedule follow-up call
HCP0449,Dr. Kevin Mittal,T005,Delhi NCR,Tier 2,3268356.08,32,47.69,20,Low Engagement,Medium Risk,46.0,53.2,Monitor low engagement
HCP0450,Dr. Zashil Butala,T006,Gurgaon Corporate,Tier 2,4118805.99,23,62.0,66,Growth Potential,Low Risk,47.1,84.7,Review growth opportunity
HCP0451,Dr. Dalaja Kaur,T007,Bengaluru Urban,Tier 2,4238849.7,40,57.9,56,Growth Potential,Low Risk,39.1,84.1,Review growth opportunity
HCP0452,Dr. Tanay Sood,T008,Hyderabad Central,Tier 2,5131006.32,34,52.24,5,Low Engagement,Low Risk,30.0,56.8,Monitor low engagement
HCP0453,Dr. Zilmil Saxena,T009,Chennai Metro,Tier 1,6358716.75,42,52.29,35,Growth Potential,Low Risk,34.0,82.2,Review growth opportunity
HCP0454,Dr. Jai Sami,T010,Kolkata East,Tier 2,2926233.98,43,50.77,10,Low Engagement,Medium Risk,32.0,48.2,Monitor low engagement
HCP0455,Dr. Leela Chakraborty,T011,Ahmedabad Gujarat,Tier 2,3271734.85,45,42.93,9,High Value,Medium Risk,38.5,50.4,Monitor low engagement
HCP0456,Dr. Chandani Devan,T012,Jaipur Rajasthan,Tier 3,1373972.49,31,42.65,3,Low Engagement,Low Risk,52.7,15.6,Monitor low engagement
HCP0457,Dr. Abhiram Gala,T001,Pune Central,Tier 1,12096063.11,48,55.1,0,High Value,Low Risk,13.4,68.2,Maintain engagement
HCP0458,Dr. Nisha Savant,T002,Mumbai Metro,Tier 3,2715422.27,47,57.15,13,High Value,Medium Risk,24.8,66.9,Maintain engagement
HCP0459,Dr. Jatin Rajagopalan,T003,Nashik North,Tier 1,8549632.6,48,48.81,10,High Value,Medium Risk,24.6,72.4,Maintain engagement
HCP0460,Dr. Yug Malhotra,T004,Nagpur Vidarbha,Tier 3,4095438.55,34,51.24,0,Low Engagement,Low Risk,30.9,42.5,Monitor low engagement
HCP0461,Dr. Charvi Jha,T005,Delhi NCR,Tier 3,3365623.92,37,45.38,15,Low Engagement,Medium Risk,42.9,48.1,Monitor low engagement
HCP0462,Dr. Chatura Khatri,T006,Gurgaon Corporate,Tier 3,903766.78,36,47.03,18,Low Engagement,Medium Risk,51.4,31.9,Monitor low engagement
HCP0463,Dr. Xalak Bobal,T007,Bengaluru Urban,Tier 2,2541575.66,39,43.77,5,Low Engagement,Low Risk,42.0,30.2,Monitor low engagement
HCP0464,Dr. Lila Salvi,T008,Hyderabad Central,Tier 1,4187087.5,48,53.98,1,High Value,Low Risk,19.2,58.6,Maintain engagement
HCP0465,Dr. Anay Bir,T009,Chennai Metro,Tier 2,3086548.8,42,54.9,1,Low Engagement,Low Risk,24.1,42.5,Monitor low engagement
HCP0466,Dr. Darpan Rao,T010,Kolkata East,Tier 3,1960349.49,40,50.42,2,Low Engagement,Low Risk,35.0,28.0,Monitor low engagement
HCP0467,Dr. Neelima Butala,T011,Ahmedabad Gujarat,Tier 2,3484469.38,40,53.2,17,Low Engagement,Medium Risk,32.0,61.2,Monitor low engagement
HCP0468,Dr. Fiyaz Mukherjee,T012,Jaipur Rajasthan,Tier 2,5586751.51,42,54.64,8,High Value,Low Risk,21.8,75.2,Maintain engagement
HCP0469,Dr. Eta Raman,T001,Pune Central,Tier 2,9584295.01,33,54.48,7,High Value,Low Risk,26.3,78.4,Maintain engagement
HCP0470,Dr. Dalbir Konda,T002,Mumbai Metro,Tier 1,5095763.49,46,51.24,4,High Value,Low Risk,22.7,63.1,Maintain engagement
HCP0471,Dr. Christopher More,T003,Nashik North,Tier 1,7386435.43,35,57.51,62,Growth Potential,Low Risk,42.9,91.1,Review growth opportunity
HCP0472,Dr. Advay Gade,T004,Nagpur Vidarbha,Tier 2,6150180.72,54,49.39,64,Growth Potential,Medium Risk,43.7,79.3,Maintain engagement
HCP0473,Dr. Ojas Prabhu,T005,Delhi NCR,Tier 1,5681259.39,29,51.83,13,Low Engagement,Medium Risk,35.3,67.0,Monitor low engagement
HCP0474,Dr. Ayushman Nayak,T006,Gurgaon Corporate,Tier 3,3140960.95,29,55.38,35,Growth Potential,Low Risk,44.8,73.4,Review growth opportunity
HCP0475,Dr. Adya Bose,T007,Bengaluru Urban,Tier 3,1875249.0,34,54.29,3,Low Engagement,Low Risk,36.1,34.5,Monitor low engagement
HCP0476,Dr. Christopher Tata,T008,Hyderabad Central,Tier 3,3218883.17,41,49.44,17,Low Engagement,Medium Risk,36.5,53.5,Monitor low engagement
HCP0477,Dr. Harshil D’Alia,T009,Chennai Metro,Tier 3,2147473.9,49,52.41,31,Growth Potential,Low Risk,38.5,60.2,Review growth opportunity
HCP0478,Dr. Advik Konda,T010,Kolkata East,Tier 2,3438290.15,33,45.88,18,Low Engagement,Medium Risk,46.3,50.9,Monitor low engagement
HCP0479,Dr. Mason Gola,T011,Ahmedabad Gujarat,Tier 3,1718705.33,37,52.11,2,Low Engagement,Low Risk,36.4,28.8,Monitor low engagement
HCP0480,Dr. Yuvraj Saha,T012,Jaipur Rajasthan,Tier 2,4427309.32,37,47.76,43,Growth Potential,Medium Risk,47.8,70.8,Maintain engagement
HCP0481,Dr. Jagdish Thakkar,T001,Pune Central,Tier 1,7658482.51,55,54.85,0,High Value,Low Risk,12.6,65.9,Maintain engagement
HCP0482,Dr. Nandini Biswas,T002,Mumbai Metro,Tier 1,7516462.67,40,45.18,24,High Value,High Risk,38.4,75.9,Schedule follow-up call
HCP0483,Dr. Gabriel Shan,T003,Nashik North,Tier 3,2086635.09,36,48.03,16,Low Engagement,Medium Risk,45.9,40.7,Monitor low engagement
HCP0484,Dr. Daksha Kibe,T004,Nagpur Vidarbha,Tier 3,1502058.63,53,53.0,30,High Value,Low Risk,38.6,59.9,Schedule follow-up call
HCP0485,Dr. Yatan Dora,T005,Delhi NCR,Tier 2,1837413.36,42,52.81,2,Low Engagement,Low Risk,31.5,30.6,Monitor low engagement
HCP0486,Dr. Hiral Andra,T006,Gurgaon Corporate,Tier 3,831699.94,29,45.59,39,Growth Potential,High Risk,65.2,41.5,Schedule follow-up call
HCP0487,Dr. Hemang Jha,T007,Bengaluru Urban,Tier 2,2586997.18,37,47.43,6,Low Engagement,Medium Risk,39.7,35.8,Monitor low engagement
HCP0488,Dr. Lucky Mammen,T008,Hyderabad Central,Tier 3,1605071.55,40,55.28,21,Low Engagement,Low Risk,37.9,51.5,Monitor low engagement
HCP0489,Dr. Kashish Shanker,T009,Chennai Metro,Tier 1,6402635.25,39,44.31,20,High Value,High Risk,39.4,71.9,Schedule follow-up call
HCP0490,Dr. Meera Borde,T010,Kolkata East,Tier 1,7976528.12,39,58.31,6,High Value,Low Risk,17.4,79.1,Maintain engagement
HCP0491,Dr. Bishakha Lal,T011,Ahmedabad Gujarat,Tier 3,3284209.95,29,46.38,39,Growth Potential,High Risk,56.0,61.5,Schedule follow-up call
HCP0492,Dr. Sneha Magar,T012,Jaipur Rajasthan,Tier 3,1890205.39,38,53.66,5,Low Engagement,Low Risk,34.3,37.3,Monitor low engagement
HCP0493,Dr. Ikbal Dugal,T001,Pune Central,Tier 3,4070520.74,51,48.14,15,High Value,Medium Risk,30.3,66.3,Maintain engagement
HCP0494,Dr. Dipta Ray,T002,Mumbai Metro,Tier 3,2862428.85,52,43.67,0,High Value,Low Risk,33.2,33.6,Maintain engagement
HCP0495,Dr. Siya Morar,T003,Nashik North,Tier 2,3218089.86,49,44.29,6,High Value,Low Risk,34.4,47.2,Maintain engagement
HCP0496,Dr. Nakul Modi,T004,Nagpur Vidarbha,Tier 3,1672029.39,40,56.08,11,Low Engagement,Medium Risk,32.9,45.7,Monitor low engagement
HCP0497,Dr. Gavin Kothari,T005,Delhi NCR,Tier 2,4998525.13,30,41.93,30,Growth Potential,High Risk,53.3,65.5,Schedule follow-up call
HCP0498,Dr. Chandani Lad,T006,Gurgaon Corporate,Tier 2,1376655.33,38,49.18,12,Low Engagement,Medium Risk,43.9,33.9,Monitor low engagement
HCP0499,Dr. Zaid Chandra,T007,Bengaluru Urban,Tier 1,2947286.4,29,53.31,18,Low Engagement,Medium Risk,41.5,58.0,Monitor low engagement
HCP0500,Dr. Advik Bhatia,T008,Hyderabad Central,Tier 3,1480367.18,28,45.39,4,Low Engagement,Low Risk,51.1,19.9,Monitor low engagement
